trans_x	trans_y	trans_z	rot_x	rot_y	rot_z
2.248419999999999933e-02	-6.831009999999999860e-02	-3.299629999999999924e-02	6.617439999999999925e-24	1.151490000000000049e-04	4.684210000000000066e-04
2.250769999999999854e-02	-4.001520000000000077e-02	-8.182550000000000240e-03	0.000000000000000000e+00	-2.430999999999999933e-05	1.897489999999999886e-04
1.674149999999999944e-02	-4.002359999999999945e-02	-1.256610000000000019e-02	-1.654359999999999981e-24	3.021480000000000080e-05	3.936330000000000037e-04
2.325150000000000133e-02	-6.546059999999999379e-02	-4.141530000000000038e-03	3.454819999999999831e-04	5.729650000000000276e-05	2.361619999999999930e-04
2.324729999999999852e-02	-2.580299999999999955e-02	-4.168859999999999927e-03	0.000000000000000000e+00	-1.206139999999999941e-04	4.684210000000000066e-04
2.325349999999999986e-02	-4.725780000000000258e-02	-4.158320000000000072e-03	4.052239999999999813e-04	-1.206139999999999941e-04	2.296490000000000098e-04
2.557390000000000010e-02	-5.276099999999999714e-03	-4.159450000000000300e-03	-4.019879999999999873e-04	-3.258989999999999777e-05	4.684220000000000224e-04
2.675369999999999832e-02	-5.038870000000000154e-02	-1.687570000000000042e-02	9.444559999999999577e-05	3.314230000000000149e-04	-5.833869999999999762e-05
2.320600000000000093e-02	4.516730000000000050e-03	-4.136929999999999601e-03	-4.891000000000000165e-04	4.977179999999999669e-04	-5.833879999999999784e-05
2.320530000000000162e-02	-5.847259999999999958e-02	-4.131899999999999983e-03	3.248890000000000263e-04	4.977179999999999669e-04	1.440329999999999981e-05
2.011539999999999856e-02	1.434249999999999935e-02	1.651100000000000137e-02	-5.182150000000000385e-04	4.172210000000000090e-04	-5.833879999999999784e-05
2.321020000000000028e-02	-4.310409999999999936e-02	-7.817779999999999868e-03	2.750399999999999959e-05	3.789439999999999822e-04	-5.833869999999999762e-05
2.320600000000000093e-02	4.379939999999999702e-03	2.632330000000000086e-02	-4.716210000000000031e-05	4.977179999999999669e-04	-5.833879999999999784e-05
2.322650000000000062e-02	-4.899289999999999895e-02	2.632759999999999961e-02	2.332719999999999987e-04	1.661509999999999886e-04	-5.833879999999999784e-05
1.411300000000000054e-02	-2.170079999999999926e-02	1.331970000000000029e-02	6.332710000000000292e-04	3.250369999999999849e-05	-5.833869999999999762e-05
1.564959999999999962e-02	1.392449999999999938e-03	-4.389480000000000291e-03	-4.716210000000000031e-05	1.542739999999999903e-06	4.644960000000000061e-04
2.321959999999999996e-02	-3.528669999999999723e-02	-4.390299999999999758e-03	4.538209999999999770e-04	-3.871219999999999842e-05	1.210330000000000048e-04
7.145150000000000286e-03	-1.214840000000000017e-02	-1.174420000000000021e-03	-4.716210000000000031e-05	2.291660000000000010e-05	1.098919999999999975e-04
2.321919999999999887e-02	-4.003349999999999964e-02	1.544720000000000077e-03	6.473800000000000257e-04	2.291660000000000010e-05	-5.833879999999999784e-05
-1.305140000000000044e-04	2.447819999999999857e-02	2.036200000000000163e-02	-4.716210000000000031e-05	2.291660000000000010e-05	-5.833879999999999784e-05
-8.072360000000000212e-04	1.095140000000000089e-03	6.206330000000000353e-03	1.243329999999999902e-04	2.291660000000000010e-05	-5.833879999999999784e-05
1.385089999999999932e-02	-7.107679999999999554e-02	1.753849999999999854e-02	6.134569999999999780e-04	2.066869999999999949e-04	-5.833869999999999762e-05
-1.585009999999999978e-03	2.697060000000000082e-02	1.751909999999999926e-02	1.027699999999999935e-04	2.291660000000000010e-05	6.739680000000000327e-06
1.383580000000000053e-02	-2.261379999999999987e-02	2.730809999999999835e-02	1.056159999999999998e-04	4.336550000000000214e-04	-5.833879999999999784e-05
1.178650000000000010e-02	2.345370000000000094e-02	4.633369999999999850e-02	-6.395590000000000476e-04	1.359590000000000039e-04	-5.833879999999999784e-05
1.383580000000000053e-02	-4.823220000000000285e-02	2.251389999999999988e-02	2.207250000000000119e-04	4.336550000000000214e-04	-5.833879999999999784e-05
-3.243129999999999884e-03	2.262410000000000115e-02	3.257879999999999804e-02	-6.713249999999999600e-04	1.815699999999999912e-05	-5.833879999999999784e-05
2.560820000000000110e-03	-2.756170000000000148e-02	7.207100000000000138e-03	-2.668759999999999839e-04	2.614089999999999903e-04	-5.833879999999999784e-05
-1.295390000000000083e-02	1.954559999999999978e-02	2.691199999999999842e-02	-7.454070000000000140e-04	1.815699999999999912e-05	-5.833879999999999784e-05
-6.965189999999999576e-03	-3.923800000000000204e-02	3.460910000000000201e-03	-7.114140000000000466e-07	1.815699999999999912e-05	-5.833879999999999784e-05
-1.324819999999999991e-02	3.032210000000000114e-02	2.691669999999999827e-02	-6.435609999999999595e-04	-7.554439999999999452e-05	-5.833879999999999784e-05
-3.117140000000000015e-03	-2.510990000000000097e-02	2.908019999999999876e-03	-4.080630000000000265e-05	1.815699999999999912e-05	-5.833879999999999784e-05
-1.260209999999999976e-02	2.638549999999999923e-02	2.391750000000000126e-02	-3.965239999999999867e-04	-1.794940000000000131e-04	-5.833879999999999784e-05
-5.896290000000000212e-03	-3.601109999999999728e-02	1.094720000000000068e-02	2.512519999999999858e-04	1.815699999999999912e-05	-2.433199999999999946e-04
-5.899729999999999731e-03	3.678830000000000294e-02	2.390250000000000014e-02	-3.415900000000000143e-04	1.815699999999999912e-05	-1.960470000000000019e-04
-5.895390000000000352e-03	-2.065240000000000131e-02	-4.143159999999999898e-03	7.502729999999999739e-06	1.815699999999999912e-05	-2.834819999999999940e-04
-5.894690000000000173e-03	3.078080000000000052e-02	1.836139999999999994e-02	-6.435609999999999595e-04	-4.588139999999999748e-05	-4.738189999999999980e-04
-5.893309999999999695e-03	-2.514889999999999834e-02	2.663200000000000116e-03	-2.758889999999999737e-04	1.601960000000000092e-04	-4.738189999999999980e-04
-5.893999999999999934e-03	3.036310000000000051e-02	1.835820000000000160e-02	-6.435609999999999595e-04	2.789000000000000029e-04	-4.738189999999999980e-04
-5.895219999999999627e-03	2.243969999999999992e-02	1.836039999999999894e-02	-6.435609999999999595e-04	1.815699999999999912e-05	-4.738189999999999980e-04
-1.237889999999999954e-03	5.209820000000000423e-03	1.836039999999999894e-02	-6.435609999999999595e-04	1.815699999999999912e-05	-4.738189999999999980e-04
-5.893019999999999682e-03	2.652979999999999922e-02	9.226810000000000220e-03	-6.435609999999999595e-04	1.616020000000000022e-04	-4.738189999999999980e-04
1.243539999999999956e-04	-2.195870000000000113e-02	-3.246939999999999809e-03	1.685649999999999963e-04	4.180710000000000025e-04	-4.738189999999999980e-04
-5.899510000000000171e-03	4.286399999999999932e-02	2.214110000000000036e-02	-7.006230000000000444e-04	1.290739999999999910e-04	-4.738189999999999980e-04
-5.904650000000000003e-03	-5.443929999999999603e-03	1.165670000000000074e-02	-5.555809999999999785e-04	3.503059999999999898e-04	-5.669559999999999704e-04
-5.906589999999999757e-03	1.069559999999999955e-02	1.448589999999999947e-02	-1.263330000000000117e-04	3.455479999999999923e-04	-7.729399999999999552e-04
-5.903689999999999632e-03	5.886249999999999816e-02	2.349069999999999978e-02	-8.981800000000000504e-04	9.283109999999999962e-05	-6.440940000000000033e-04
-5.950060000000000071e-03	-1.135000000000000071e-02	2.810640000000000100e-03	-2.517810000000000208e-04	4.954280000000000142e-04	-6.409010000000000358e-04
-5.962270000000000417e-03	2.902150000000000042e-03	2.797369999999999978e-03	4.410220000000000272e-06	4.954280000000000142e-04	-9.139849999999999711e-04
-2.263849999999999890e-02	8.526799999999999657e-02	3.850719999999999837e-02	-8.569540000000000490e-04	7.481920000000000356e-05	-9.139849999999999711e-04
-1.733470000000000150e-02	7.706509999999999749e-03	1.363709999999999922e-02	-2.783500000000000167e-04	8.656450000000000104e-05	-6.270699999999999712e-04
-2.063339999999999966e-02	1.027759999999999958e-02	2.217529999999999848e-02	1.810969999999999908e-04	4.954280000000000142e-04	-9.139849999999999711e-04
-3.263470000000000260e-02	5.586050000000000043e-02	3.074949999999999906e-02	-5.059230000000000281e-04	3.993329999999999932e-05	-9.139849999999999711e-04
-2.267900000000000124e-02	9.442070000000000324e-03	5.025769999999999717e-03	-7.996509999999999439e-06	2.678560000000000186e-04	-9.139859999999999868e-04
-2.844529999999999975e-02	4.608999999999999903e-02	2.219830000000000067e-02	-4.834169999999999830e-04	1.938449999999999982e-04	-1.065350000000000064e-03
-2.211010000000000059e-02	-6.762839999999999780e-04	-7.765529999999999655e-03	-2.732279999999999800e-04	7.307939999999999694e-05	-9.139859999999999868e-04
-2.331449999999999842e-02	1.563410000000000147e-02	4.726919999999999907e-03	-1.621499999999999976e-05	1.414180000000000070e-05	-9.139859999999999868e-04
-2.278760000000000160e-02	4.728469999999999895e-02	-7.752789999999999855e-03	-7.260619999999999748e-04	1.414180000000000070e-05	-9.139859999999999868e-04
-2.008319999999999897e-02	-1.883929999999999980e-02	-1.055739999999999977e-02	1.299370000000000063e-05	1.414180000000000070e-05	-9.139859999999999868e-04
-2.024679999999999883e-02	2.184519999999999865e-02	-7.775790000000000306e-03	-2.072569999999999979e-04	1.414180000000000070e-05	-1.156630000000000071e-03
-3.177080000000000182e-02	7.070400000000000296e-02	7.699410000000000281e-03	-1.020730000000000075e-03	1.414180000000000070e-05	-1.219540000000000077e-03
-1.908199999999999827e-02	-1.214540000000000064e-02	-7.782520000000000236e-03	-1.894809999999999905e-05	2.347249999999999998e-04	-1.173470000000000025e-03
-2.297360000000000027e-02	2.617130000000000151e-02	-7.779099999999999730e-03	7.089799999999999781e-05	1.414180000000000070e-05	-1.054089999999999932e-03
-3.845649999999999763e-02	7.957540000000000446e-02	1.223950000000000038e-02	-1.073490000000000078e-03	-1.561479999999999964e-04	-1.177309999999999988e-03
-1.043159999999999921e-02	1.727309999999999957e-02	-2.284699999999999925e-02	-6.910279999999999982e-04	5.885219999999999601e-04	-1.189450000000000099e-03
-7.415090000000000049e-03	4.961930000000000247e-04	-2.880730000000000183e-03	-2.075570000000000052e-04	8.319580000000000464e-04	-1.318299999999999897e-03
-1.910929999999999920e-02	9.498470000000000524e-02	-7.743930000000000431e-03	-1.522099999999999972e-03	7.227320000000000185e-04	-1.359549999999999951e-03
-1.239379999999999996e-02	9.059819999999999679e-03	-3.257240000000000135e-02	-7.308500000000000109e-04	8.567680000000000478e-04	-1.544280000000000088e-03
-5.298680000000000057e-03	2.488349999999999850e-03	-3.546219999999999928e-02	-1.746530000000000098e-04	1.184799999999999959e-03	-1.359549999999999951e-03
-1.903339999999999893e-02	6.843770000000000409e-02	-1.303679999999999943e-02	-1.184939999999999995e-03	1.017370000000000080e-03	-1.359549999999999951e-03
-4.147509999999999869e-04	1.694510000000000113e-02	-2.158149999999999999e-02	-6.468669999999999715e-04	1.017370000000000080e-03	-1.359549999999999951e-03
2.189190000000000146e-03	6.556450000000000125e-03	-1.743710000000000052e-02	-4.413040000000000018e-04	1.159950000000000087e-03	-1.359549999999999951e-03
-4.288799999999999731e-03	8.720029999999999448e-02	-7.596770000000000519e-04	-1.545790000000000011e-03	1.017370000000000080e-03	-1.303979999999999939e-03
8.137939999999999757e-03	3.833309999999999929e-03	-3.024069999999999883e-02	-1.009549999999999901e-03	1.180300000000000012e-03	-1.093709999999999908e-03
8.781529999999999198e-03	3.795349999999999852e-03	-2.191279999999999964e-02	3.239489999999999709e-05	1.304019999999999919e-03	-1.019939999999999996e-03
-4.311950000000000158e-03	7.095780000000000143e-02	-1.424680000000000000e-03	-1.058499999999999979e-03	9.177910000000000495e-04	-1.120969999999999996e-03
2.184059999999999821e-03	-4.792130000000000348e-03	-2.188589999999999980e-02	-4.183780000000000116e-04	1.017370000000000080e-03	-1.359549999999999951e-03
2.197590000000000134e-03	3.532809999999999943e-03	-2.189860000000000070e-02	-3.753820000000000052e-04	1.312580000000000040e-03	-1.359549999999999951e-03
2.184059999999999821e-03	7.117400000000000115e-02	-2.190109999999999973e-02	-1.297959999999999912e-03	1.017370000000000080e-03	-1.359549999999999951e-03
2.178049999999999951e-03	-2.616770000000000033e-03	-2.187599999999999961e-02	-2.199649999999999989e-04	8.694949999999999684e-04	-1.359549999999999951e-03
2.184059999999999821e-03	1.307930000000000030e-02	-4.405280000000000133e-03	-1.098900000000000067e-04	1.017370000000000080e-03	-1.359549999999999951e-03
-4.263160000000000213e-03	6.102780000000000010e-02	-2.189750000000000030e-02	-1.182300000000000061e-03	7.699249999999999714e-04	-1.227259999999999983e-03
2.181719999999999840e-03	-6.032199999999999715e-03	-4.520010000000000000e-02	1.069179999999999951e-04	1.017370000000000080e-03	-1.143160000000000053e-03
2.178999999999999947e-03	2.928769999999999984e-02	-4.023929999999999868e-02	6.725430000000000421e-06	9.054300000000000369e-04	-1.359549999999999951e-03
2.184059999999999821e-03	7.622790000000000121e-02	-1.551699999999999954e-02	-6.855519999999999713e-04	1.017370000000000080e-03	-1.359549999999999951e-03
7.249570000000000319e-03	-2.118389999999999856e-02	-4.235540000000000138e-02	1.583269999999999903e-04	1.255889999999999958e-03	-1.359549999999999951e-03
1.000449999999999950e-02	7.658429999999999925e-03	-3.497279999999999833e-02	5.692310000000000121e-04	1.017370000000000080e-03	-1.359549999999999951e-03
2.182460000000000216e-03	8.326949999999999630e-02	-2.621329999999999841e-02	-8.653369999999999855e-04	1.188030000000000076e-03	-1.359549999999999951e-03
1.113360000000000044e-02	-2.157200000000000176e-03	-3.678639999999999688e-02	-9.095029999999999554e-05	1.238869999999999989e-03	-1.359549999999999951e-03
1.304319999999999959e-02	6.681489999999999999e-03	-3.283980000000000232e-02	1.750199999999999879e-04	1.183419999999999915e-03	-1.359549999999999951e-03
5.835670000000000267e-03	8.858960000000000445e-02	-7.609259999999999635e-03	-1.020800000000000093e-03	1.126100000000000104e-03	-1.359549999999999951e-03
4.756390000000000097e-03	6.039870000000000134e-03	-4.641669999999999824e-02	4.040410000000000030e-04	1.231899999999999966e-03	-1.359549999999999951e-03
8.232549999999999937e-03	1.446290000000000076e-02	-3.268250000000000322e-02	4.040410000000000030e-04	1.017370000000000080e-03	-1.359549999999999951e-03
2.442450000000000090e-03	8.001389999999999891e-02	-1.522390000000000028e-02	-9.051110000000000015e-04	1.109820000000000077e-03	-1.359549999999999951e-03
-5.991910000000000031e-04	7.923029999999999309e-03	-5.358170000000000294e-02	1.701539999999999975e-04	1.017370000000000080e-03	-1.286000000000000034e-03
6.229359999999999759e-03	4.138759999999999661e-02	-3.700559999999999961e-02	9.694330000000000406e-05	1.017370000000000080e-03	-1.359549999999999951e-03
6.231180000000000226e-03	9.815129999999999688e-02	-1.471100000000000012e-02	-5.670090000000000460e-04	8.470770000000000079e-04	-1.359549999999999951e-03
6.246780000000000388e-03	1.307350000000000005e-02	-6.376579999999999748e-02	1.705540000000000072e-04	1.324789999999999952e-03	-1.359549999999999951e-03
1.358000000000000006e-02	4.035699999999999704e-02	-4.826989999999999753e-02	1.413619999999999927e-04	1.465949999999999935e-03	-1.359549999999999951e-03
1.143440000000000081e-02	9.685040000000000315e-02	-2.511530000000000012e-02	-1.002660000000000053e-03	1.449379999999999896e-03	-1.359549999999999951e-03
2.586489999999999970e-02	1.263869999999999924e-02	-6.257730000000000237e-02	1.781310000000000060e-05	1.658780000000000107e-03	-1.438019999999999923e-03
2.586269999999999888e-02	3.599539999999999684e-02	-4.881370000000000153e-02	1.007710000000000013e-04	1.689079999999999922e-03	-1.359549999999999951e-03
2.587640000000000079e-02	9.112839999999999829e-02	-2.980939999999999979e-02	-9.663350000000000238e-04	1.499469999999999926e-03	-1.359549999999999951e-03
2.851549999999999918e-02	1.391079999999999921e-02	-7.088360000000000494e-02	4.068809999999999961e-04	1.694769999999999957e-03	-1.046650000000000098e-03
2.588539999999999938e-02	1.392790000000000000e-02	-6.433709999999999429e-02	1.899650000000000015e-04	1.694769999999999957e-03	-1.359549999999999951e-03
1.128170000000000041e-02	7.768289999999999917e-02	-1.468019999999999915e-02	-5.504009999999999502e-04	1.528349999999999934e-03	-1.243490000000000090e-03
2.347739999999999896e-02	7.766860000000000430e-03	-5.361409999999999787e-02	4.868350000000000238e-04	1.694769999999999957e-03	-1.087450000000000005e-03
2.348269999999999871e-02	3.461270000000000319e-02	-3.881090000000000234e-02	5.135419999999999699e-04	1.694769999999999957e-03	-1.135179999999999956e-03
2.349230000000000068e-02	8.886990000000000167e-02	-2.320180000000000159e-02	-6.807020000000000431e-04	1.694769999999999957e-03	-1.101589999999999948e-03
4.542070000000000135e-02	1.321079999999999997e-02	-4.171520000000000089e-02	4.977830000000000145e-04	1.777799999999999953e-03	-1.078339999999999898e-03
3.740689999999999987e-02	6.073889999999999845e-02	-4.170660000000000339e-02	4.044610000000000024e-04	1.694769999999999957e-03	-1.230299999999999927e-03
4.109340000000000215e-02	9.235029999999999628e-02	-3.327070000000000027e-02	-5.607229999999999506e-04	1.694769999999999957e-03	-1.266240000000000074e-03
4.109999999999999765e-02	2.646940000000000057e-02	-6.231479999999999658e-02	5.786660000000000328e-04	1.904050000000000013e-03	-1.359549999999999951e-03
4.108540000000000109e-02	2.196719999999999923e-02	-5.683579999999999882e-02	4.820560000000000209e-04	1.694769999999999957e-03	-1.359549999999999951e-03
3.789590000000000319e-02	9.291829999999999534e-02	-3.634110000000000118e-02	-4.385980000000000044e-04	1.755559999999999976e-03	-1.275520000000000039e-03
4.110899999999999971e-02	1.929919999999999899e-02	-6.786179999999999990e-02	4.120770000000000054e-04	1.886599999999999996e-03	-1.198650000000000106e-03
4.801880000000000037e-02	4.140189999999999843e-02	-5.651939999999999742e-02	1.932319999999999958e-04	1.944750000000000081e-03	-1.359549999999999951e-03
3.706679999999999697e-02	7.787120000000000153e-02	-4.827889999999999959e-02	-5.366950000000000106e-04	1.853859999999999926e-03	-1.359549999999999951e-03
5.596330000000000054e-02	1.185010000000000056e-02	-6.938339999999999785e-02	3.315349999999999894e-04	2.141370000000000079e-03	-1.220310000000000058e-03
5.599740000000000273e-02	5.308140000000000081e-02	-6.535349999999999493e-02	2.350829999999999988e-04	2.297570000000000081e-03	-9.542310000000000462e-04
4.470860000000000112e-02	8.414629999999999332e-02	-3.450929999999999970e-02	-5.659089999999999650e-04	2.041170000000000137e-03	-1.282759999999999977e-03
5.597130000000000161e-02	-1.347710000000000054e-02	-6.292609999999999870e-02	4.673160000000000096e-04	2.341470000000000010e-03	-1.359549999999999951e-03
5.595640000000000336e-02	6.586680000000000312e-02	-5.981000000000000205e-02	-1.585249999999999908e-04	2.157989999999999822e-03	-1.359549999999999951e-03
3.567000000000000032e-02	6.584639999999999938e-02	-7.752570000000000294e-02	-6.451210000000000191e-05	2.244799999999999920e-03	-9.453060000000000325e-04
3.565859999999999863e-02	1.860140000000000057e-02	-8.154649999999999399e-02	5.701429999999999519e-04	2.244799999999999920e-03	-1.145680000000000049e-03
3.566269999999999857e-02	1.862650000000000070e-02	-8.951480000000000548e-02	3.951650000000000019e-04	2.244799999999999920e-03	-9.871920000000000174e-04
3.566269999999999857e-02	1.174570000000000058e-01	-6.648700000000000443e-02	-9.707679999999999998e-04	2.244799999999999920e-03	-9.871920000000000174e-04
4.358929999999999749e-02	1.400020000000000084e-02	-8.117380000000000428e-02	2.404779999999999971e-04	2.359249999999999802e-03	-9.871920000000000174e-04
3.952069999999999889e-02	1.360409999999999918e-02	-8.459999999999999465e-02	5.027509999999999575e-04	2.427320000000000172e-03	-1.322360000000000072e-03
4.931920000000000054e-02	1.095710000000000017e-01	-6.386350000000000360e-02	-8.546390000000000280e-04	2.407330000000000060e-03	-1.167169999999999926e-03
5.429289999999999811e-02	2.089890000000000150e-02	-7.692540000000000489e-02	4.224489999999999799e-04	2.477920000000000209e-03	-9.871920000000000174e-04
5.429010000000000086e-02	1.954289999999999847e-02	-8.110699999999999854e-02	6.144879999999999483e-04	2.383080000000000094e-03	-9.871920000000000174e-04
4.674849999999999839e-02	1.013639999999999958e-01	-6.518140000000000045e-02	-5.656209999999999840e-04	2.244799999999999920e-03	-9.871920000000000174e-04
4.886059999999999709e-02	1.567050000000000040e-02	-8.215179999999999705e-02	6.459600000000000021e-04	2.483630000000000126e-03	-1.264280000000000004e-03
4.952530000000000127e-02	3.341460000000000263e-02	-8.147459999999999425e-02	4.702670000000000157e-04	2.448779999999999794e-03	-1.263009999999999957e-03
5.025229999999999975e-02	1.116459999999999952e-01	-5.370819999999999761e-02	-9.242270000000000129e-04	2.484979999999999915e-03	-1.388670000000000052e-03
5.429969999999999936e-02	1.729230000000000003e-02	-7.321460000000000468e-02	6.429310000000000146e-04	2.496400000000000181e-03	-9.257739999999999763e-04
5.430480000000000029e-02	5.064849999999999908e-02	-6.492449999999999610e-02	5.719850000000000064e-04	2.568780000000000108e-03	-9.354050000000000472e-04
4.696329999999999949e-02	1.010039999999999966e-01	-4.644390000000000324e-02	-6.252340000000000111e-04	2.352869999999999961e-03	-9.871920000000000174e-04
5.430240000000000067e-02	1.183569999999999935e-02	-8.166809999999999348e-02	6.704670000000000031e-04	2.561320000000000176e-03	-9.871920000000000174e-04
5.430490000000000317e-02	2.675900000000000153e-02	-7.838430000000000397e-02	6.817670000000000067e-04	2.561550000000000112e-03	-9.871920000000000174e-04
3.385559999999999958e-02	8.383219999999999561e-02	-6.070779999999999926e-02	-3.734319999999999849e-04	2.244799999999999920e-03	-1.185630000000000017e-03
4.429580000000000323e-02	2.273889999999999939e-02	-1.016070000000000029e-01	6.094569999999999892e-04	2.454660000000000002e-03	-1.151139999999999932e-03
4.430490000000000123e-02	3.373280000000000028e-02	-9.562560000000000504e-02	6.751520000000000438e-04	2.547859999999999882e-03	-1.200420000000000003e-03
4.426999999999999685e-02	1.114050000000000040e-01	-6.508150000000000046e-02	-3.011739999999999730e-04	2.244799999999999920e-03	-1.298820000000000009e-03
4.432139999999999691e-02	1.417829999999999958e-02	-9.336859999999999604e-02	5.933110000000000120e-04	2.647420000000000155e-03	-1.392589999999999974e-03
3.803610000000000324e-02	6.857159999999999644e-02	-6.578660000000000063e-02	2.650110000000000009e-04	2.436740000000000173e-03	-1.392589999999999974e-03
4.428409999999999985e-02	9.043049999999999700e-02	-5.404470000000000107e-02	-4.505269999999999913e-04	2.244799999999999920e-03	-1.392589999999999974e-03
3.672380000000000089e-02	2.980479999999999935e-02	-8.148980000000000112e-02	5.962489999999999761e-04	2.588700000000000202e-03	-1.392589999999999974e-03
4.149889999999999829e-02	2.985250000000000056e-02	-8.566659999999999553e-02	2.678000000000000042e-04	2.670570000000000149e-03	-1.453000000000000081e-03
3.415859999999999730e-02	9.951350000000000473e-02	-5.698299999999999893e-02	-6.488620000000000498e-04	2.424389999999999792e-03	-1.323090000000000073e-03
2.241129999999999858e-02	2.533569999999999919e-02	-1.040029999999999982e-01	1.938080000000000119e-04	2.244799999999999920e-03	-1.392589999999999974e-03
3.861719999999999736e-02	5.219159999999999772e-02	-9.390410000000000423e-02	6.606550000000000096e-04	2.455150000000000127e-03	-1.392589999999999974e-03
4.200750000000000317e-02	9.666639999999999955e-02	-8.116729999999999778e-02	-3.780610000000000112e-04	2.503899999999999876e-03	-1.271769999999999975e-03
4.347369999999999707e-02	1.134809999999999985e-02	-1.220470000000000027e-01	2.779230000000000155e-04	2.702120000000000129e-03	-1.392580000000000033e-03
3.869380000000000042e-02	4.469479999999999981e-02	-1.009219999999999978e-01	9.987460000000000088e-05	3.009710000000000076e-03	-1.392580000000000033e-03
3.087629999999999889e-02	1.158919999999999950e-01	-8.665910000000000279e-02	-8.517410000000000432e-04	2.504269999999999847e-03	-1.392580000000000033e-03
4.530189999999999911e-02	2.402069999999999900e-02	-8.931350000000000400e-02	2.840340000000000117e-04	2.914400000000000150e-03	-1.392580000000000033e-03
4.809370000000000311e-02	3.059339999999999976e-02	-9.254809999999999426e-02	8.027810000000000241e-04	3.051649999999999936e-03	-1.392580000000000033e-03
4.112339999999999746e-02	9.329099999999999893e-02	-8.455840000000000578e-02	-4.810339999999999755e-04	2.514259999999999932e-03	-1.299840000000000023e-03
3.868619999999999698e-02	2.407099999999999865e-02	-1.093549999999999939e-01	6.120750000000000106e-04	2.753690000000000044e-03	-1.392580000000000033e-03
3.870200000000000029e-02	4.750370000000000287e-02	-8.580859999999999876e-02	3.542430000000000166e-04	2.914400000000000150e-03	-1.392580000000000033e-03
3.870200000000000029e-02	1.145919999999999994e-01	-7.236860000000000515e-02	-7.442049999999999534e-04	2.914400000000000150e-03	-1.392580000000000033e-03
5.678529999999999689e-02	3.534219999999999723e-02	-8.873240000000000294e-02	3.791360000000000238e-04	2.914400000000000150e-03	-1.453450000000000011e-03
4.668220000000000008e-02	5.166799999999999865e-02	-9.506929999999999548e-02	7.853660000000000155e-04	2.914400000000000150e-03	-1.392580000000000033e-03
4.079649999999999943e-02	1.245450000000000029e-01	-7.009869999999999990e-02	-6.667380000000000528e-04	2.914400000000000150e-03	-1.596530000000000084e-03
3.767569999999999947e-02	3.370630000000000154e-02	-7.864770000000000094e-02	5.486770000000000189e-04	2.914400000000000150e-03	-1.392580000000000033e-03
3.767569999999999947e-02	4.332369999999999971e-02	-8.298389999999999933e-02	7.757499999999999639e-04	2.914400000000000150e-03	-1.392580000000000033e-03
2.645060000000000119e-02	1.130049999999999943e-01	-5.732330000000000064e-02	-4.730180000000000170e-04	2.577470000000000108e-03	-1.314019999999999945e-03
3.767849999999999672e-02	3.536790000000000073e-02	-8.932370000000000587e-02	8.211089999999999882e-04	2.914400000000000150e-03	-1.285869999999999938e-03
5.631950000000000151e-02	3.531600000000000017e-02	-9.515389999999999959e-02	1.033419999999999955e-03	2.914400000000000150e-03	-1.392580000000000033e-03
3.967930000000000068e-02	1.161169999999999980e-01	-7.065180000000000071e-02	-1.999530000000000014e-04	2.914400000000000150e-03	-1.302200000000000102e-03
3.291290000000000188e-02	5.977720000000000256e-02	-7.793350000000000277e-02	5.610219999999999964e-04	2.914400000000000150e-03	-1.392580000000000033e-03
4.904929999999999707e-02	4.725130000000000302e-02	-7.795249999999999402e-02	9.537709999999999591e-04	2.914400000000000150e-03	-1.142350000000000093e-03
3.537309999999999760e-02	1.371870000000000034e-01	-4.611250000000000071e-02	-3.086949999999999980e-04	2.914400000000000150e-03	-8.733179999999999893e-04
4.911979999999999819e-02	4.817679999999999879e-02	-8.231099999999999528e-02	8.554329999999999530e-04	3.192790000000000038e-03	-9.706499999999999850e-04
6.698060000000000125e-02	6.419270000000000531e-02	-7.898789999999999978e-02	1.021699999999999952e-03	3.459470000000000080e-03	-1.082630000000000007e-03
4.908289999999999875e-02	1.209839999999999943e-01	-7.112300000000000566e-02	-2.515689999999999897e-04	3.102989999999999915e-03	-1.256079999999999914e-03
5.760250000000000092e-02	5.121210000000000345e-02	-9.357630000000000114e-02	9.597069999999999646e-04	3.335369999999999828e-03	-1.087929999999999973e-03
6.549960000000000504e-02	4.705680000000000279e-02	-8.490330000000000099e-02	1.267440000000000103e-03	3.716810000000000079e-03	-8.333639999999999581e-04
6.548800000000000454e-02	1.157470000000000027e-01	-7.188219999999999332e-02	7.411110000000000267e-05	3.365570000000000020e-03	-8.333639999999999581e-04
6.969559999999999644e-02	4.236150000000000332e-02	-1.055180000000000007e-01	1.162250000000000089e-03	3.716810000000000079e-03	-9.031500000000000248e-04
6.549489999999999479e-02	5.026989999999999931e-02	-9.507190000000000085e-02	1.079199999999999994e-03	3.658320000000000061e-03	-9.452179999999999480e-04
6.548379999999999479e-02	9.933309999999999362e-02	-7.983179999999999443e-02	-1.768440000000000029e-04	3.280889999999999848e-03	-8.333639999999999581e-04
6.551170000000000604e-02	3.249160000000000242e-02	-1.126380000000000020e-01	9.086050000000000463e-04	3.792660000000000215e-03	-1.036980000000000063e-03
6.199090000000000156e-02	3.150639999999999691e-02	-9.535340000000000482e-02	1.090739999999999982e-03	3.716810000000000079e-03	-1.011619999999999967e-03
6.549710000000000254e-02	1.008460000000000051e-01	-9.533669999999999645e-02	-5.372739999999999656e-06	3.716810000000000079e-03	-9.504189999999999817e-04
6.549760000000000304e-02	2.176619999999999944e-02	-1.275630000000000097e-01	1.169469999999999928e-03	3.716810000000000079e-03	-1.056410000000000031e-03
7.316129999999999856e-02	4.036619999999999792e-02	-1.173590000000000050e-01	1.059910000000000062e-03	4.245230000000000010e-03	-1.152959999999999966e-03
6.554129999999999678e-02	1.047570000000000029e-01	-8.970789999999999320e-02	-3.380829999999999816e-04	3.729740000000000052e-03	-8.333649999999999738e-04
6.556900000000000228e-02	4.846890000000000226e-02	-1.139970000000000011e-01	6.911019999999999707e-04	4.024319999999999634e-03	-8.333639999999999581e-04
8.281769999999999410e-02	3.603300000000000253e-02	-1.139460000000000056e-01	1.005569999999999901e-03	4.490740000000000010e-03	-9.964380000000000979e-04
7.000409999999999966e-02	1.106749999999999956e-01	-1.054230000000000028e-01	-5.814870000000000114e-05	3.982529999999999751e-03	-8.333649999999999738e-04
8.642690000000000095e-02	1.028480000000000019e-02	-1.336479999999999890e-01	9.688049999999999917e-04	4.242140000000000147e-03	-9.931230000000000526e-04
8.191160000000000108e-02	6.999360000000000304e-02	-1.212730000000000058e-01	4.951480000000000508e-04	4.075269999999999761e-03	-8.333639999999999581e-04
8.186229999999999896e-02	8.837029999999999885e-02	-1.307669999999999944e-01	-3.529310000000000129e-04	3.711859999999999986e-03	-8.333639999999999581e-04
8.198020000000000307e-02	1.910150000000000042e-02	-1.680869999999999864e-01	8.842919999999999557e-04	4.490740000000000010e-03	-8.333639999999999581e-04
8.616469999999999685e-02	7.810739999999999350e-02	-1.355200000000000016e-01	5.052840000000000499e-04	4.361130000000000388e-03	-8.333639999999999581e-04
8.192000000000000670e-02	9.298209999999999809e-02	-1.154950000000000004e-01	4.518250000000000320e-06	4.059089999999999573e-03	-8.333649999999999738e-04
8.191320000000000545e-02	3.130209999999999937e-02	-1.385399999999999965e-01	1.112890000000000060e-03	4.142709999999999969e-03	-8.333639999999999581e-04
8.191039999999999432e-02	9.013279999999999903e-02	-1.272139999999999938e-01	7.621659999999999937e-04	4.040369999999999726e-03	-7.725139999999999698e-04
9.003830000000000167e-02	9.499979999999999536e-02	-1.155810000000000032e-01	-5.282340000000000386e-04	4.121920000000000271e-03	-7.497569999999999842e-04
1.020049999999999985e-01	4.070950000000000263e-02	-1.336450000000000138e-01	6.170799999999999940e-04	4.490740000000000010e-03	-4.464049999999999789e-04
9.647740000000000482e-02	7.035679999999999712e-02	-9.766740000000000144e-02	3.998520000000000199e-04	4.490740000000000010e-03	-5.938309999999999596e-04
8.372659999999999825e-02	1.264270000000000116e-01	-8.436330000000000218e-02	-4.375660000000000183e-04	3.911490000000000106e-03	-2.917780000000000243e-04
9.540690000000000281e-02	4.232410000000000339e-02	-1.193400000000000016e-01	6.605909999999999777e-04	4.325080000000000244e-03	-4.318069999999999808e-04
9.543630000000000169e-02	7.170500000000000485e-02	-1.104180000000000023e-01	4.957440000000000024e-04	4.490740000000000010e-03	-5.058210000000000484e-04
7.921680000000000388e-02	1.291069999999999995e-01	-8.180070000000000396e-02	-3.183559999999999992e-04	4.022229999999999903e-03	-2.922159999999999818e-04
9.548159999999999981e-02	4.432450000000000279e-02	-1.086550000000000016e-01	8.635459999999999751e-04	4.490740000000000010e-03	-4.729059999999999883e-04
8.608459999999999723e-02	7.967929999999999457e-02	-1.098630000000000023e-01	-7.339419999999999603e-05	4.343600000000000412e-03	-4.685350000000000127e-04
9.051530000000000686e-02	9.531499999999999695e-02	-1.122449999999999976e-01	-3.332499999999999688e-05	4.296180000000000138e-03	-5.187739999999999496e-04
8.419379999999999920e-02	5.893140000000000184e-02	-1.122609999999999997e-01	8.201480000000000358e-04	4.490740000000000010e-03	-5.699999999999999772e-04
7.558349999999999791e-02	1.228309999999999957e-01	-9.410419999999999896e-02	-3.042930000000000222e-04	4.034560000000000403e-03	-5.018159999999999808e-04
7.559659999999999991e-02	5.135259999999999825e-02	-1.213489999999999985e-01	9.397640000000000507e-04	4.116769999999999631e-03	-3.847999999999999750e-04
8.090469999999999606e-02	7.453189999999999815e-02	-1.083380000000000037e-01	9.030530000000000154e-04	4.098499999999999713e-03	-4.684690000000000035e-04
6.525730000000000419e-02	1.413280000000000092e-01	-7.121130000000000515e-02	-2.771739999999999859e-04	3.654450000000000059e-03	-5.588620000000000306e-04
7.561790000000000178e-02	5.686540000000000344e-02	-1.147380000000000067e-01	8.769300000000000489e-04	4.166940000000000054e-03	-2.205789999999999899e-04
9.070630000000000359e-02	8.003029999999999866e-02	-1.141210000000000002e-01	1.171579999999999974e-03	4.388409999999999707e-03	-4.623019999999999929e-04
7.929260000000000475e-02	1.285129999999999884e-01	-9.183769999999999434e-02	2.950790000000000119e-04	3.865630000000000108e-03	-4.027449999999999802e-04
8.704389999999999350e-02	5.854960000000000025e-02	-1.253489999999999882e-01	8.250160000000000306e-04	4.490740000000000010e-03	-6.404439999999999959e-04
8.474629999999999663e-02	8.530659999999999632e-02	-1.242940000000000017e-01	7.631600000000000319e-04	4.197339999999999925e-03	-6.268860000000000014e-04
6.211429999999999729e-02	1.566249999999999865e-01	-8.657620000000000593e-02	-2.552559999999999833e-04	3.505980000000000121e-03	-5.250959999999999612e-04
6.523249999999999882e-02	6.162240000000000079e-02	-1.126429999999999931e-01	1.071539999999999949e-03	3.881369999999999872e-03	-6.871299999999999891e-04
8.045789999999999886e-02	7.902939999999999965e-02	-1.072520000000000001e-01	7.932559999999999958e-04	4.208299999999999888e-03	-6.871299999999999891e-04
7.482659999999999312e-02	1.509169999999999956e-01	-6.588750000000000162e-02	-3.869659999999999810e-04	3.975900000000000094e-03	-6.871299999999999891e-04
8.748630000000000295e-02	6.364179999999999837e-02	-1.115460000000000063e-01	6.380259999999999794e-04	3.975900000000000094e-03	-6.871299999999999891e-04
8.397759999999999947e-02	7.665130000000000554e-02	-1.033400000000000013e-01	6.380259999999999794e-04	4.255590000000000067e-03	-6.871299999999999891e-04
6.131799999999999751e-02	1.390899999999999914e-01	-7.944690000000000085e-02	-4.009729999999999978e-04	3.763260000000000043e-03	-6.871299999999999891e-04
7.206769999999999843e-02	7.115420000000000078e-02	-1.275570000000000037e-01	5.811570000000000060e-04	3.975900000000000094e-03	-8.127100000000000166e-04
6.906299999999999939e-02	7.459839999999999527e-02	-1.275999999999999912e-01	4.489609999999999998e-04	4.206020000000000418e-03	-6.871299999999999891e-04
5.789029999999999870e-02	1.299539999999999862e-01	-9.564580000000000304e-02	-5.621250000000000161e-04	3.555480000000000185e-03	-6.871299999999999891e-04
6.131790000000000157e-02	5.615910000000000346e-02	-1.334319999999999951e-01	3.466340000000000155e-04	3.975900000000000094e-03	-1.105150000000000056e-03
8.060900000000000010e-02	8.604040000000000299e-02	-1.334120000000000028e-01	3.398639999999999973e-04	4.254960000000000339e-03	-1.135380000000000070e-03
6.260759999999999936e-02	1.303630000000000067e-01	-9.034459999999999713e-02	-5.458820000000000295e-04	3.975900000000000094e-03	-1.135380000000000070e-03
7.612819999999999310e-02	6.934460000000000623e-02	-1.203049999999999953e-01	8.860619999999999608e-04	3.975900000000000094e-03	-9.309249999999999817e-04
7.095020000000000493e-02	9.160999999999999699e-02	-1.121209999999999984e-01	4.987670000000000037e-04	3.975900000000000094e-03	-1.135380000000000070e-03
6.173909999999999815e-02	1.425039999999999918e-01	-9.515360000000000484e-02	-6.862940000000000533e-04	3.831830000000000045e-03	-9.546710000000000352e-04
6.179300000000000070e-02	6.051279999999999853e-02	-1.348759999999999959e-01	3.653819999999999789e-04	4.227179999999999653e-03	-9.741479999999999844e-04
6.176689999999999958e-02	6.935810000000000586e-02	-1.301029999999999964e-01	4.040709999999999875e-04	4.140819999999999917e-03	-1.135380000000000070e-03
4.903989999999999738e-02	1.365510000000000057e-01	-1.072609999999999952e-01	-7.417020000000000080e-04	3.762210000000000207e-03	-8.477689999999999532e-04
4.092729999999999979e-02	7.670839999999999603e-02	-1.241669999999999996e-01	6.376240000000000466e-04	3.975900000000000094e-03	-1.083870000000000016e-03
1.904549999999999993e-02	7.769539999999999780e-02	-1.252379999999999882e-01	2.652129999999999830e-04	3.789830000000000108e-03	-1.470629999999999897e-03
1.902550000000000074e-02	1.444300000000000028e-01	-8.382710000000000161e-02	-7.273720000000000012e-04	3.345129999999999978e-03	-1.158380000000000087e-03
2.845460000000000003e-02	7.683389999999999664e-02	-1.215819999999999956e-01	4.708080000000000229e-04	3.667720000000000181e-03	-1.029699999999999930e-03
2.859000000000000083e-02	8.996429999999999705e-02	-1.215959999999999958e-01	6.824119999999999709e-04	3.857059999999999829e-03	-1.287509999999999957e-03
1.902840000000000087e-02	1.405969999999999998e-01	-1.051900000000000057e-01	-7.910649999999999757e-04	3.367339999999999917e-03	-1.083870000000000016e-03
3.838119999999999726e-02	7.023050000000000126e-02	-1.210279999999999967e-01	4.322589999999999961e-04	3.975900000000000094e-03	-1.229339999999999990e-03
3.837510000000000226e-02	9.095849999999999769e-02	-1.261589999999999934e-01	5.168059999999999711e-04	3.863409999999999848e-03	-1.083870000000000016e-03
1.965470000000000064e-02	1.430829999999999880e-01	-9.525659999999999683e-02	-7.595090000000000088e-04	3.568509999999999998e-03	-1.083870000000000016e-03
2.556670000000000123e-02	6.372659999999999436e-02	-1.324680000000000024e-01	4.844259999999999864e-04	3.784959999999999974e-03	-1.293380000000000007e-03
3.561589999999999895e-02	9.761319999999999719e-02	-1.191119999999999957e-01	1.987950000000000101e-04	4.203880000000000117e-03	-1.083870000000000016e-03
2.670600000000000057e-02	1.512590000000000046e-01	-1.022639999999999938e-01	-7.571369999999999576e-04	3.576769999999999949e-03	-1.083870000000000016e-03
2.693080000000000127e-02	6.756289999999999518e-02	-1.333080000000000098e-01	4.801480000000000114e-04	3.979240000000000207e-03	-1.344989999999999901e-03
2.717030000000000139e-02	1.117739999999999984e-01	-1.049979999999999941e-01	1.053499999999999993e-04	3.979240000000000207e-03	-1.083870000000000016e-03
2.727210000000000051e-02	1.375760000000000038e-01	-9.434399999999999731e-02	-9.365299999999999797e-04	3.569300000000000077e-03	-1.025759999999999910e-03
3.682620000000000338e-02	6.793570000000000164e-02	-1.144109999999999988e-01	8.816899999999999694e-04	3.979240000000000207e-03	-1.083870000000000016e-03
3.681410000000000238e-02	9.454940000000000566e-02	-1.281529999999999891e-01	6.831199999999999512e-04	3.979240000000000207e-03	-1.208440000000000078e-03
3.676909999999999901e-02	1.581029999999999935e-01	-1.009840000000000043e-01	-4.672510000000000161e-04	3.477800000000000075e-03	-1.083870000000000016e-03
4.357749999999999818e-02	7.192279999999999507e-02	-1.355840000000000101e-01	8.930690000000000243e-04	4.133180000000000187e-03	-1.083870000000000016e-03
3.680780000000000163e-02	1.208579999999999932e-01	-1.064770000000000022e-01	3.571770000000000262e-04	3.821279999999999816e-03	-1.083870000000000016e-03
2.994820000000000121e-02	1.406380000000000130e-01	-9.490619999999999612e-02	-4.044280000000000249e-04	3.535649999999999991e-03	-1.164670000000000028e-03
3.683480000000000087e-02	4.730109999999999870e-02	-1.344400000000000039e-01	8.589490000000000189e-04	4.097690000000000186e-03	-1.366470000000000054e-03
3.686509999999999787e-02	1.096179999999999932e-01	-1.115649999999999975e-01	4.738389999999999876e-04	4.278869999999999722e-03	-1.083870000000000016e-03
2.828069999999999889e-02	1.376819999999999988e-01	-8.756089999999999707e-02	-5.286699999999999646e-04	3.626480000000000068e-03	-1.083870000000000016e-03
2.660830000000000140e-02	5.745449999999999863e-02	-1.317379999999999940e-01	5.770869999999999993e-04	3.979240000000000207e-03	-1.447160000000000070e-03
2.550960000000000033e-02	7.886100000000000054e-02	-1.450609999999999955e-01	2.819459999999999870e-04	3.808950000000000183e-03	-1.298829999999999950e-03
2.092880000000000087e-02	1.318040000000000045e-01	-1.212840000000000029e-01	-5.769240000000000349e-04	3.506350000000000092e-03	-1.083870000000000016e-03
3.035469999999999835e-02	5.150690000000000129e-02	-1.579149999999999998e-01	4.857630000000000042e-04	3.979240000000000207e-03	-1.353229999999999971e-03
2.575440000000000021e-02	9.103840000000000543e-02	-1.348250000000000004e-01	4.879279999999999945e-04	3.979240000000000207e-03	-1.083870000000000016e-03
2.045059999999999933e-02	1.365329999999999877e-01	-1.227110000000000006e-01	-3.745150000000000150e-04	3.453130000000000002e-03	-8.467989999999999675e-04
1.694429999999999895e-02	6.438230000000000341e-02	-1.601080000000000003e-01	4.926019999999999704e-04	4.038830000000000198e-03	-1.512179999999999904e-03
1.688469999999999901e-02	1.107110000000000039e-01	-1.422509999999999886e-01	-6.018629999999999667e-05	3.803879999999999935e-03	-1.542250000000000001e-03
1.893099999999999991e-02	1.335600000000000120e-01	-1.392730000000000079e-01	-3.397079999999999805e-04	3.758140000000000092e-03	-1.168289999999999997e-03
1.692700000000000107e-02	5.750330000000000025e-02	-1.554959999999999953e-01	5.928500000000000176e-04	3.979240000000000207e-03	-1.653149999999999932e-03
2.568619999999999931e-02	1.239750000000000019e-01	-1.359920000000000018e-01	-1.746769999999999879e-05	3.854460000000000091e-03	-1.319220000000000071e-03
3.314009999999999873e-02	1.131149999999999933e-01	-1.481540000000000079e-01	-1.030950000000000014e-04	3.979240000000000207e-03	-8.311220000000000023e-04
4.183859999999999663e-02	7.732070000000000609e-02	-1.555269999999999986e-01	5.853380000000000258e-04	4.119819999999999732e-03	-1.273269999999999957e-03
3.304229999999999667e-02	1.418270000000000086e-01	-1.157320000000000015e-01	-3.370720000000000010e-04	3.332949999999999888e-03	-1.034420000000000088e-03
1.701980000000000159e-02	9.769750000000000656e-02	-1.324859999999999927e-01	7.237870000000000414e-04	3.710639999999999859e-03	-1.210740000000000080e-03
2.433439999999999909e-02	1.202560000000000018e-01	-1.281440000000000079e-01	2.584229999999999752e-04	3.578720000000000078e-03	-1.273269999999999957e-03
3.074100000000000096e-02	1.377359999999999973e-01	-1.101680000000000020e-01	-3.722770000000000137e-04	3.300500000000000048e-03	-8.165069999999999533e-04
4.647149999999999892e-02	4.754499999999999699e-02	-1.388649999999999884e-01	8.506810000000000500e-04	3.481769999999999917e-03	-1.127509999999999971e-03
4.779409999999999908e-02	1.315489999999999993e-01	-1.388429999999999942e-01	1.862040000000000082e-04	3.359050000000000143e-03	-8.285459999999999917e-04
4.917959999999999693e-02	1.007160000000000000e-01	-1.548569999999999947e-01	3.604929999999999788e-04	3.497339999999999824e-03	-7.374550000000000332e-04
5.468150000000000094e-02	7.788420000000000065e-02	-1.444749999999999923e-01	7.025500000000000278e-04	3.697980000000000017e-03	-9.913660000000000354e-04
5.431380000000000235e-02	1.345600000000000129e-01	-1.362569999999999892e-01	-4.275799999999999957e-04	3.432329999999999930e-03	-8.285459999999999917e-04
4.609080000000000121e-02	7.417899999999999494e-02	-1.642220000000000069e-01	4.744409999999999795e-04	3.782269999999999903e-03	-9.843359999999999350e-04
4.603290000000000159e-02	9.220309999999999617e-02	-1.557540000000000036e-01	6.405259999999999860e-04	3.562399999999999855e-03	-1.301869999999999894e-03
4.606760000000000022e-02	1.265709999999999891e-01	-1.556980000000000031e-01	-5.124110000000000513e-04	3.571760000000000213e-03	-8.738759999999999931e-04
5.273089999999999722e-02	7.462439999999999352e-02	-1.737789999999999890e-01	6.197909999999999617e-04	3.787280000000000073e-03	-9.332259999999999991e-04
4.613280000000000158e-02	8.787200000000000566e-02	-1.598769999999999913e-01	6.485560000000000023e-04	3.841199999999999910e-03	-9.936610000000000668e-04
6.446720000000000228e-02	1.246950000000000003e-01	-1.489929999999999866e-01	-5.754479999999999833e-05	3.376409999999999828e-03	-7.102680000000000105e-04
6.917969999999999675e-02	8.212220000000000630e-02	-1.652770000000000072e-01	6.514409999999999992e-04	3.666860000000000085e-03	-7.102680000000000105e-04
5.277939999999999715e-02	1.169400000000000023e-01	-1.581859999999999933e-01	3.027230000000000220e-04	3.521990000000000016e-03	-9.227039999999999938e-04
3.690159999999999968e-02	1.021839999999999971e-01	-1.738989999999999980e-01	1.741819999999999935e-04	3.381900000000000184e-03	-9.846329999999999492e-04
3.689309999999999812e-02	7.008780000000000565e-02	-1.821119999999999961e-01	1.116629999999999966e-03	3.378700000000000106e-03	-1.222769999999999977e-03
3.687549999999999856e-02	1.322010000000000129e-01	-1.652079999999999937e-01	-2.695519999999999969e-04	3.225070000000000020e-03	-1.222769999999999977e-03
3.690609999999999724e-02	7.548539999999999417e-02	-2.053750000000000020e-01	5.810119999999999998e-04	3.453879999999999884e-03	-1.222769999999999977e-03
3.930089999999999972e-02	7.537249999999999506e-02	-1.850970000000000115e-01	1.014319999999999979e-03	3.424570000000000045e-03	-1.222769999999999977e-03
3.688269999999999743e-02	1.248400000000000065e-01	-1.908759999999999901e-01	-3.622769999999999875e-04	3.052099999999999865e-03	-8.175720000000000253e-04
3.912009999999999793e-02	4.774010000000000059e-02	-2.053339999999999888e-01	8.326549999999999620e-04	3.372019999999999879e-03	-9.694550000000000346e-04
3.684370000000000006e-02	1.088510000000000033e-01	-1.844530000000000058e-01	3.656989999999999828e-04	2.907509999999999869e-03	-9.083989999999999470e-04
3.067790000000000100e-02	1.113800000000000068e-01	-1.896239999999999870e-01	-7.291199999999999580e-05	2.885099999999999817e-03	-6.842699999999999521e-04
3.689920000000000005e-02	2.675649999999999903e-02	-2.052960000000000063e-01	1.158959999999999895e-03	3.067910000000000081e-03	-1.020960000000000010e-03
2.048039999999999930e-02	9.444379999999999442e-02	-2.052579999999999960e-01	4.590600000000000127e-04	3.021119999999999969e-03	-8.012139999999999627e-04
6.519310000000000382e-03	7.708379999999999399e-02	-2.052599999999999980e-01	5.739280000000000249e-04	2.920240000000000162e-03	-9.308209999999999705e-04
2.559209999999999957e-02	5.100090000000000179e-02	-2.052839999999999943e-01	1.261579999999999993e-03	3.134829999999999908e-03	-9.422610000000000100e-04
2.557339999999999960e-02	1.353449999999999931e-01	-1.616009999999999946e-01	-8.164349999999999852e-05	2.932430000000000193e-03	-8.012139999999999627e-04
2.559229999999999838e-02	4.781069999999999764e-02	-2.129240000000000022e-01	1.562849999999999960e-03	3.150979999999999840e-03	-8.012139999999999627e-04
2.559260000000000007e-02	8.136870000000000214e-02	-2.129040000000000099e-01	1.095300000000000006e-03	3.133669999999999858e-03	-8.012139999999999627e-04
2.558610000000000051e-02	1.086030000000000051e-01	-1.993540000000000034e-01	7.371710000000000068e-04	2.919960000000000090e-03	-4.136359999999999950e-04
2.561880000000000060e-02	3.439319999999999877e-02	-2.170590000000000019e-01	1.910400000000000032e-03	3.139229999999999798e-03	-8.489020000000000116e-04
7.345110000000000181e-03	9.280739999999999823e-02	-2.161009999999999875e-01	1.194359999999999996e-03	3.116470000000000091e-03	-8.698220000000000214e-04
1.016929999999999917e-02	9.294660000000000422e-02	-2.027069999999999983e-01	6.633989999999999549e-04	2.968699999999999898e-03	-5.130329999999999786e-04
1.441279999999999992e-02	4.327240000000000253e-02	-2.188160000000000105e-01	1.771259999999999979e-03	3.092000000000000130e-03	-1.014719999999999988e-03
1.383800000000000134e-04	1.117130000000000067e-01	-1.966499999999999915e-01	3.745940000000000120e-04	2.716979999999999916e-03	-8.853310000000000519e-04
-7.843829999999999553e-03	4.796969999999999706e-02	-2.297389999999999988e-01	1.310189999999999922e-03	3.059440000000000076e-03	-1.174120000000000068e-03
-1.744360000000000008e-02	9.456109999999999516e-02	-1.890219999999999956e-01	5.105630000000000107e-04	2.669519999999999879e-03	-8.853310000000000519e-04
-7.495080000000000318e-03	4.776430000000000259e-02	-2.337329999999999963e-01	1.077719999999999893e-03	3.090739999999999807e-03	-1.292799999999999982e-03
-2.034800000000000150e-02	1.002500000000000058e-01	-2.093099999999999961e-01	3.431449999999999952e-04	2.745159999999999961e-03	-1.295879999999999905e-03
-1.740629999999999955e-02	7.311320000000000319e-02	-2.237169999999999992e-01	5.046480000000000106e-04	2.870580000000000180e-03	-1.233350000000000028e-03
-1.731730000000000075e-02	2.852369999999999906e-02	-2.336999999999999911e-01	1.141859999999999967e-03	3.162990000000000072e-03	-1.485240000000000084e-03
-1.738500000000000115e-02	1.176520000000000066e-01	-2.336540000000000006e-01	-6.813060000000000123e-05	2.932160000000000061e-03	-1.322430000000000090e-03
2.577320000000000132e-03	8.142340000000000688e-02	-2.500149999999999872e-01	2.693360000000000112e-04	3.285310000000000053e-03	-9.816379999999999550e-04
1.026409999999999996e-02	4.713570000000000260e-02	-2.141669999999999963e-01	1.816640000000000008e-03	3.171789999999999853e-03	-9.455950000000000293e-04
8.036669999999999231e-03	7.685970000000000302e-02	-1.891629999999999978e-01	1.531199999999999922e-03	3.070149999999999789e-03	-8.923149999999999702e-04
-1.112549999999999911e-03	8.289729999999999321e-02	-2.122189999999999910e-01	1.366690000000000049e-03	2.915850000000000213e-03	-9.455950000000000293e-04
4.673209999999999691e-03	6.888389999999999791e-02	-2.116240000000000065e-01	1.926229999999999913e-03	3.188879999999999840e-03	-9.455950000000000293e-04
-1.395360000000000003e-03	1.279790000000000094e-01	-1.890880000000000061e-01	1.043290000000000103e-03	2.977899999999999905e-03	-6.410129999999999561e-04
-6.946690000000000156e-03	3.211470000000000297e-02	-2.135279999999999956e-01	1.912969999999999948e-03	3.109890000000000137e-03	-9.192029999999999472e-04
-6.824099999999999611e-03	6.906710000000000627e-02	-2.135080000000000033e-01	1.793619999999999893e-03	3.593310000000000167e-03	-9.252519999999999972e-04
-4.944010000000000418e-03	1.144089999999999968e-01	-1.847399999999999876e-01	1.173559999999999924e-03	2.879329999999999824e-03	-7.759779999999999759e-04
1.178720000000000072e-03	3.499150000000000177e-02	-2.193180000000000129e-01	2.648249999999999996e-03	3.138070000000000182e-03	-8.852590000000000025e-04
-2.544750000000000137e-03	4.117780000000000051e-02	-2.134649999999999881e-01	2.232070000000000061e-03	3.426769999999999990e-03	-9.298130000000000370e-04
-1.945229999999999876e-02	1.266380000000000006e-01	-1.891059999999999963e-01	9.971730000000000697e-04	2.559270000000000208e-03	-1.057049999999999917e-03
-1.118880000000000048e-02	4.353979999999999656e-02	-2.337780000000000136e-01	2.008629999999999964e-03	2.899740000000000043e-03	-1.063420000000000034e-03
-6.921039999999999831e-03	7.378800000000000636e-02	-2.153700000000000059e-01	2.342750000000000214e-03	3.073540000000000039e-03	-1.030120000000000037e-03
-7.075660000000000109e-03	1.285969999999999891e-01	-1.941199999999999870e-01	1.083399999999999988e-03	2.327140000000000111e-03	-8.724619999999999554e-04
-1.254319999999999914e-02	4.195759999999999768e-02	-2.331499999999999961e-01	2.138680000000000008e-03	3.082580000000000129e-03	-8.724619999999999554e-04
-6.880820000000000165e-03	5.761619999999999936e-02	-2.431589999999999863e-01	2.431309999999999895e-03	3.229099999999999939e-03	-1.067440000000000012e-03
-1.625120000000000037e-02	1.093090000000000034e-01	-2.066800000000000026e-01	1.206969999999999918e-03	2.584649999999999968e-03	-8.724619999999999554e-04
-6.939250000000000106e-03	4.549999999999999878e-02	-2.551849999999999952e-01	2.433419999999999941e-03	3.010650000000000132e-03	-1.108129999999999922e-03
-4.540579999999999790e-03	4.749620000000000231e-02	-2.551570000000000227e-01	2.692889999999999867e-03	3.527279999999999825e-03	-1.227119999999999947e-03
-6.897129999999999581e-03	1.090010000000000007e-01	-2.220860000000000056e-01	1.349439999999999928e-03	2.988610000000000051e-03	-8.724619999999999554e-04
5.855250000000000211e-03	4.120870000000000088e-02	-2.551490000000000147e-01	2.417470000000000122e-03	3.400320000000000079e-03	-1.020250000000000106e-03
-6.755419999999999828e-03	4.596890000000000004e-02	-2.551490000000000147e-01	2.417470000000000122e-03	3.673309999999999943e-03	-1.139519999999999986e-03
-6.941100000000000395e-03	1.164929999999999993e-01	-2.192900000000000127e-01	1.160430000000000055e-03	2.946770000000000032e-03	-1.114540000000000019e-03
-6.905080000000000072e-03	5.313570000000000099e-02	-2.627659999999999996e-01	2.456690000000000089e-03	3.194559999999999934e-03	-1.154190000000000034e-03
-6.748099999999999932e-03	4.800009999999999694e-02	-2.713929999999999954e-01	2.695789999999999992e-03	3.673309999999999943e-03	-1.275780000000000013e-03
-6.944089999999999985e-03	1.165759999999999991e-01	-2.346729999999999927e-01	1.228490000000000051e-03	2.948510000000000107e-03	-8.724610000000000481e-04
-1.372630000000000031e-02	3.863609999999999961e-02	-2.626870000000000038e-01	2.469900000000000134e-03	3.222809999999999998e-03	-1.308829999999999976e-03
-5.750589999999999868e-03	5.954170000000000296e-02	-2.692530000000000201e-01	3.290819999999999856e-03	3.673309999999999943e-03	-1.064840000000000057e-03
-1.014220000000000052e-02	1.387869999999999937e-01	-2.353439999999999976e-01	2.007140000000000139e-03	2.941720000000000099e-03	-8.724610000000000481e-04
-1.926630000000000009e-02	4.926599999999999729e-02	-2.831409999999999760e-01	3.204180000000000049e-03	3.231729999999999933e-03	-8.724610000000000481e-04
-1.841469999999999912e-02	6.038480000000000236e-02	-2.831520000000000148e-01	3.261229999999999945e-03	3.673309999999999943e-03	-1.125120000000000070e-03
-2.236909999999999940e-02	1.248930000000000040e-01	-2.336880000000000068e-01	2.046210000000000129e-03	3.110079999999999876e-03	-8.724610000000000481e-04
-1.335680000000000027e-02	7.543880000000000030e-02	-2.560290000000000066e-01	2.699280000000000082e-03	3.255679999999999946e-03	-8.724610000000000481e-04
-5.741839999999999791e-03	2.935159999999999852e-02	-2.637689999999999757e-01	3.703099999999999968e-03	3.495690000000000082e-03	-1.008849999999999938e-03
-2.197239999999999957e-02	1.116329999999999961e-01	-2.245920000000000138e-01	1.955960000000000077e-03	3.063999999999999883e-03	-7.129750000000000237e-04
-9.566579999999999875e-03	5.235159999999999814e-02	-2.751730000000000009e-01	3.195379999999999835e-03	3.673309999999999943e-03	-9.553679999999999508e-04
1.324929999999999988e-03	6.431270000000000042e-02	-2.728909999999999947e-01	3.444839999999999795e-03	3.558640000000000067e-03	-9.748410000000000538e-04
3.145259999999999983e-03	1.221899999999999931e-01	-2.255409999999999915e-01	2.342649999999999941e-03	3.122660000000000192e-03	-6.725229999999999576e-04
3.248050000000000156e-03	6.146889999999999993e-02	-2.807600000000000096e-01	3.739189999999999875e-03	3.673309999999999943e-03	-8.967489999999999619e-04
3.240330000000000033e-03	7.444919999999999316e-02	-2.698720000000000008e-01	3.430040000000000085e-03	3.673309999999999943e-03	-9.450479999999999818e-04
3.110180000000000149e-03	1.210360000000000047e-01	-2.428659999999999985e-01	1.995830000000000087e-03	2.884850000000000001e-03	-6.725220000000000503e-04
1.644170000000000006e-02	2.161170000000000105e-02	-2.758660000000000001e-01	2.869549999999999792e-03	3.396339999999999863e-03	-6.725229999999999576e-04
2.162450000000000136e-02	6.450500000000000678e-02	-2.758800000000000141e-01	3.078930000000000122e-03	3.673309999999999943e-03	-6.725220000000000503e-04
7.755859999999999838e-03	1.253060000000000007e-01	-2.346560000000000035e-01	1.791849999999999997e-03	3.066109999999999929e-03	-6.725220000000000503e-04
1.585189999999999863e-02	3.134300000000000280e-02	-2.782529999999999726e-01	3.043039999999999894e-03	3.673309999999999943e-03	-8.286450000000000326e-04
2.507380000000000025e-02	5.553890000000000216e-02	-2.782479999999999953e-01	2.972670000000000173e-03	3.916310000000000104e-03	-8.169170000000000121e-04
2.985949999999999802e-03	1.181070000000000036e-01	-2.333069999999999866e-01	1.540469999999999947e-03	3.375389999999999814e-03	-6.725229999999999576e-04
7.808970000000000147e-03	4.900720000000000076e-02	-2.967049999999999965e-01	2.846570000000000090e-03	3.879679999999999934e-03	-6.725220000000000503e-04
1.912470000000000142e-02	4.885679999999999884e-02	-2.911869999999999736e-01	3.298039999999999913e-03	3.879679999999999934e-03	-6.725220000000000503e-04
1.903080000000000049e-02	9.459950000000000303e-02	-2.636339999999999795e-01	2.540590000000000123e-03	3.523080000000000048e-03	-4.979910000000000369e-04
2.557800000000000004e-02	3.617630000000000151e-02	-3.034879999999999800e-01	3.362430000000000020e-03	3.961899999999999970e-03	-5.060690000000000500e-04
2.769009999999999874e-02	5.930730000000000030e-02	-2.916549999999999976e-01	3.253160000000000166e-03	3.879679999999999934e-03	-6.267240000000000527e-04
1.898089999999999847e-02	1.242329999999999962e-01	-2.351340000000000097e-01	1.808130000000000024e-03	3.434330000000000195e-03	-5.060690000000000500e-04
4.840259999999999875e-03	5.475259999999999849e-02	-2.818539999999999934e-01	3.080059999999999916e-03	3.462069999999999818e-03	-6.280259999999999532e-04
1.022999999999999951e-02	5.642210000000000281e-02	-2.674329999999999763e-01	3.629289999999999860e-03	3.879679999999999934e-03	-7.952420000000000409e-04
2.936680000000000106e-03	1.324329999999999952e-01	-2.321449999999999902e-01	1.926699999999999940e-03	3.422269999999999826e-03	-5.060690000000000500e-04
8.430669999999999484e-03	4.325009999999999966e-02	-2.878089999999999815e-01	3.622090000000000119e-03	3.879679999999999934e-03	-8.694240000000000431e-04
1.206650000000000084e-02	5.917809999999999737e-02	-2.919050000000000256e-01	3.436289999999999831e-03	3.977719999999999693e-03	-8.233830000000000142e-04
4.631920000000000308e-03	1.344440000000000079e-01	-2.475990000000000135e-01	2.065519999999999943e-03	3.397830000000000121e-03	-5.712889999999999982e-04
9.152610000000000259e-03	3.889050000000000146e-02	-3.114529999999999799e-01	3.714709999999999974e-03	3.879669999999999994e-03	-8.042330000000000095e-04
9.869380000000000513e-03	5.797449999999999826e-02	-2.901239999999999930e-01	3.594659999999999956e-03	3.879669999999999994e-03	-6.233499999999999458e-04
1.249560000000000037e-03	1.295580000000000065e-01	-2.553679999999999839e-01	1.956030000000000095e-03	3.471899999999999986e-03	-5.537660000000000238e-04
6.883880000000000207e-03	5.517249999999999932e-02	-2.834880000000000178e-01	3.502680000000000203e-03	3.879669999999999994e-03	-5.537660000000000238e-04
2.246379999999999905e-02	4.584719999999999768e-02	-2.934479999999999866e-01	3.905389999999999903e-03	3.879669999999999994e-03	-5.537670000000000396e-04
1.747850000000000098e-02	1.210100000000000064e-01	-2.687890000000000001e-01	2.665859999999999931e-03	3.879669999999999994e-03	-5.537670000000000396e-04
2.464970000000000008e-02	5.737769999999999676e-02	-3.011269999999999780e-01	3.785109999999999950e-03	4.020740000000000078e-03	-5.537670000000000396e-04
3.301350000000000118e-02	6.527470000000000494e-02	-2.968509999999999760e-01	3.929170000000000058e-03	3.879669999999999994e-03	-5.537670000000000396e-04
2.678859999999999922e-02	1.268499999999999905e-01	-2.638010000000000077e-01	2.660850000000000194e-03	3.879669999999999994e-03	-5.537670000000000396e-04
2.463370000000000143e-02	4.264579999999999760e-02	-3.020510000000000139e-01	3.753119999999999980e-03	3.955700000000000362e-03	-5.537670000000000396e-04
2.465089999999999990e-02	8.060580000000000522e-02	-2.731319999999999859e-01	3.411149999999999946e-03	4.033010000000000067e-03	-5.537670000000000396e-04
1.625379999999999880e-02	1.155999999999999944e-01	-2.605709999999999971e-01	2.159980000000000146e-03	3.806850000000000078e-03	-6.332189999999999694e-04
2.640249999999999889e-02	3.353339999999999793e-02	-2.967040000000000233e-01	3.599349999999999859e-03	4.492529999999999787e-03	-6.535790000000000523e-04
2.560410000000000116e-02	6.600399999999999323e-02	-2.939370000000000038e-01	3.683089999999999975e-03	4.340830000000000383e-03	-5.537670000000000396e-04
1.136219999999999938e-02	1.111339999999999967e-01	-2.637329999999999952e-01	2.198349999999999957e-03	3.960499999999999611e-03	-5.537670000000000396e-04
2.945800000000000154e-02	3.365529999999999911e-02	-3.143389999999999795e-01	3.449610000000000089e-03	4.093470000000000095e-03	-6.262970000000000516e-04
3.392069999999999808e-02	5.270099999999999785e-02	-3.100829999999999975e-01	3.658610000000000074e-03	4.492529999999999787e-03	-5.537670000000000396e-04
2.224790000000000101e-02	1.090919999999999945e-01	-2.807230000000000003e-01	2.910879999999999804e-03	4.492529999999999787e-03	-6.933129999999999805e-04
2.223599999999999882e-02	1.112749999999999989e-01	-2.647010000000000196e-01	2.369009999999999953e-03	4.492529999999999787e-03	-9.569030000000000504e-04
2.221539999999999973e-02	2.014020000000000046e-02	-2.982909999999999728e-01	4.273550000000000092e-03	4.325080000000000244e-03	-9.785740000000000671e-04
2.215829999999999883e-02	1.121779999999999999e-01	-2.717649999999999788e-01	2.986790000000000018e-03	4.195639999999999613e-03	-9.218419999999999739e-04
1.101300000000000022e-02	6.563330000000000553e-02	-3.109160000000000257e-01	3.591609999999999855e-03	4.169520000000000344e-03	-9.751280000000000191e-04
5.713359999999999793e-03	7.022019999999999651e-02	-2.882540000000000102e-01	3.432479999999999906e-03	4.134940000000000143e-03	-9.751280000000000191e-04
-2.607820000000000046e-05	8.984930000000000694e-02	-2.974890000000000034e-01	3.104099999999999828e-03	4.107539999999999802e-03	-1.215809999999999894e-03
-1.092789999999999917e-05	3.670310000000000239e-02	-3.082509999999999972e-01	4.250259999999999629e-03	4.122889999999999715e-03	-1.239180000000000099e-03
-3.710970000000000149e-05	1.184530000000000027e-01	-2.684289999999999732e-01	2.768640000000000163e-03	3.958119999999999868e-03	-1.063190000000000099e-03
3.163539999999999842e-03	5.827310000000000129e-02	-2.831699999999999773e-01	3.890339999999999944e-03	3.857360000000000216e-03	-1.113419999999999948e-03
-5.258040000000000229e-05	5.991790000000000310e-02	-2.885019999999999807e-01	4.431019999999999924e-03	3.977050000000000203e-03	-1.237519999999999983e-03
-2.162289999999999872e-03	1.302230000000000054e-01	-2.475350000000000050e-01	2.655900000000000101e-03	3.494000000000000144e-03	-1.127060000000000041e-03
-4.590609999999999743e-05	6.587410000000000487e-02	-2.917600000000000193e-01	3.579870000000000187e-03	3.961980000000000363e-03	-1.407819999999999948e-03
-3.256640000000000045e-05	4.034990000000000104e-02	-2.927719999999999767e-01	4.271520000000000004e-03	4.038710000000000043e-03	-1.420480000000000007e-03
-3.023950000000000075e-05	7.540260000000000018e-02	-2.796259999999999857e-01	2.773069999999999875e-03	4.101650000000000088e-03	-1.485750000000000091e-03
8.634869999999999352e-03	5.936299999999999910e-02	-3.017730000000000135e-01	4.070119999999999988e-03	3.996640000000000088e-03	-1.485750000000000091e-03
9.524100000000000621e-03	1.644179999999999947e-02	-2.832930000000000170e-01	3.733639999999999876e-03	4.196469999999999888e-03	-1.485750000000000091e-03
-9.325939999999999686e-05	1.090389999999999970e-01	-2.640790000000000082e-01	2.417750000000000194e-03	3.855780000000000058e-03	-1.413170000000000051e-03
-4.765080000000000124e-05	6.397849999999999371e-02	-3.065820000000000212e-01	3.264679999999999839e-03	4.071980000000000217e-03	-1.485750000000000091e-03
-8.157760000000000011e-03	5.189490000000000075e-02	-3.172079999999999900e-01	3.817019999999999962e-03	4.226820000000000056e-03	-1.769699999999999919e-03
